Question,Answer,Category
Can graduates from foreign universities serve in NYSC?,"Foreign-trained graduates may participate in NYSC if they meet the applicable requirements and complete the required verification and registration procedures.",Foreign Graduates
What documents do foreign-trained graduates need for NYSC?,"Foreign-trained graduates should provide the documents required by NYSC for verification and registration. Check the current official requirements.",Foreign Graduates
Do foreign graduates need to verify their certificates?,"Yes. Foreign-trained graduates may be required to undergo certificate and document verification before being processed for NYSC.",Foreign Graduates
How do foreign-trained graduates register for NYSC?,"Foreign-trained graduates should follow the current NYSC registration and verification procedure specified for foreign-trained graduates.",Foreign Graduates
Can I register for NYSC if I studied outside Nigeria?,"Yes. Foreign-trained graduates may register if they meet the applicable NYSC requirements and complete the required verification process.",Foreign Graduates
Do foreign graduates need a transcript for NYSC?,"A transcript or other academic documents may be required during verification. Check the current NYSC requirements for foreign-trained graduates.",Foreign Graduates
Do foreign graduates need their certificates for NYSC registration?,"Foreign-trained graduates should provide the academic certificates and other documents required by NYSC for verification and registration.",Foreign Graduates
Can a foreign-trained graduate be mobilized for NYSC?,"Yes. A foreign-trained graduate may be mobilized after meeting the applicable eligibility, verification, and registration requirements.",Foreign Graduates
Where do foreign-trained graduates verify their documents?,"Foreign-trained graduates should follow the current NYSC instructions for document verification and report to the designated location when required.",Foreign Graduates
Can foreign-trained graduates receive an NYSC discharge certificate?,"Yes. Foreign-trained graduates who complete NYSC service may receive the appropriate discharge documentation according to NYSC procedures.",Foreign Graduates